,imdb_links
0,https://t.co/OuSxVFoUw1
1,https://t.co/yGkflAwmyg
2,https://t.co/dmk8odfKPH
3,https://t.co/SftKs0y8RM
4,https://t.co/Kz8Gi6Z4u4
5,https://t.co/IVYdQT0YQH
6,https://t.co/IiabmcB3RW
7,https://t.co/BT3lYb1mo9
8,https://t.co/nWYql4Tglw
9,https://t.co/AIJYL0bcZd
10,https://t.co/SIKwjKHMWI
11,https://t.co/4CTqzg1ruP
12,https://t.co/irbBfry7q9
13,https://t.co/KzBbUYSJZX
14,https://t.co/g6wqle1PZs
15,https://t.co/1kFmcf3GPc
16,https://t.co/Td6v1hUdcT
17,https://t.co/Fqb5uSICo5
18,https://t.co/WveZV0Jgyb
19,https://t.co/3C3D6cwz8F
20,https://t.co/ibhhaduhTi
21,https://t.co/TCGTC6qluS
22,https://t.co/1FWLyS1FuT
23,https://t.co/aolWZimT6a
24,https://t.co/lU812rgGbZ
25,https://t.co/tcg4eIqGZX
26,https://t.co/N2ShyWd5iN
27,https://t.co/f5FFLW54bd
28,https://t.co/lKoKvN03gl
29,https://t.co/0zagvOnpdy
30,https://t.co/RuFb2bs4cj
31,https://t.co/Gg4DdGfN34
32,https://t.co/KkH9vLtmmo
33,https://t.co/2UNnbeOPXu
34,https://t.co/A0yO1Y0Vlz
35,https://t.co/EazrL6mEwA
36,https://t.co/t2WZUen1S4
37,https://t.co/aqQMrDboEC
38,https://t.co/sxLfwhGAdK
39,https://t.co/miAKXawTt4
40,https://t.co/yBghasN9Bl
41,https://t.co/vNfUPxFVNb
42,https://t.co/4HvUMaZedd
43,https://t.co/PwKLBRTF2L
44,https://t.co/FiUkztfnrI
45,https://t.co/BTNDHF5fsT
46,https://t.co/Pfdp7LnlwA
47,https://t.co/F4XEPQUSkG
48,https://t.co/9LfaynQOoj
49,https://t.co/lbthRnTdaO
50,https://t.co/TSX7lSEHro
51,https://t.co/NTZA1fCcTA
52,https://t.co/Gd0KfyRp4S
53,https://t.co/vDuAWcPv8P
54,https://t.co/jenjFFfs5H
55,https://t.co/YiwKkZ9RpG
56,https://t.co/iGGkAQRVoq
57,https://t.co/QfAL2hty1A
58,https://t.co/jazMNJjmKp
59,https://t.co/7pJiOWh6IP
60,https://t.co/cO7HSLWSHI
61,https://t.co/nunzobX3lc
62,https://t.co/kudpLOyut1
63,https://t.co/V98v1LTNaz
64,https://t.co/aZZQjM5m4b
65,https://t.co/MKCVbimsQb
66,https://t.co/VCkT8dQKbn
67,https://t.co/FWBTsyL5GJ
68,https://t.co/t6d7Bo3yUf
69,https://t.co/X4LASr8phd
70,https://t.co/kQKRjmHNbA
71,https://t.co/nNmXEOzxxZ
72,https://t.co/NihRZ2NpIp
73,https://t.co/OgyGOgAQ0b
74,https://t.co/yfEmsO8NEA
75,https://t.co/ZdkhCRXNch
76,https://t.co/t2Yh7wo1lJ
77,https://t.co/GkjUWDmJ2b
78,https://t.co/oC7r6wmGDy
79,https://t.co/ViRotSBIhh
80,https://t.co/c7IYGbgebd
81,https://t.co/OTMhaqAHpM
82,https://t.co/Uhy6Kn8Tsx
83,https://t.co/C47vUXSSeP
84,https://t.co/MrlOlcGobi
85,https://t.co/gVh9vv4NmS
86,https://t.co/8Je6yZKLQv
87,https://t.co/2BBVvIdV3C
88,https://t.co/keJfKa5W9M
89,https://t.co/C7chO4fSHf
90,https://t.co/F5OAD4mh6w
91,https://t.co/hRqmr0aAXg
92,https://t.co/ZV1MvIPqB4
93,https://t.co/PupIGw44Ih
94,https://t.co/vlIfh7iE0b
95,https://t.co/auOJrM8Jr5
96,https://t.co/wiA7lgyPSK
97,https://t.co/h9jUugK5yh
98,https://t.co/FRAUWwrbVz
99,https://t.co/gyL1UcAbE3
100,https://t.co/BBXKApkiuJ
101,https://t.co/7b7lCVilqC
102,https://t.co/QBNg6GKkV3
103,https://t.co/xCnzZTdueq
104,https://t.co/MUCE9RJKwN
105,https://t.co/MUCE9RJKwN
106,https://t.co/XprUaszQjv
107,https://t.co/iV0wO6n4kI
108,https://t.co/0RA8ugsvlC
109,https://t.co/FpiEcF2JzU
110,https://t.co/56nZligHQl
111,https://t.co/8Sk4h8jcXq
112,https://t.co/pWBChb2rI5
113,https://t.co/KgQB1hRzdz
114,https://t.co/wxTt4XCj3d
115,https://t.co/iUUgxe3igk
116,https://t.co/bkAk0Or7Eb
117,https://t.co/nv85KU0Fac
118,https://t.co/q7gpXDYOjX
119,https://t.co/ck5oUWrFNt
120,https://t.co/zxA7ET6Y7Q
121,https://t.co/id01K3Amoc
122,https://t.co/AAlNMsBRJR
123,https://t.co/9YRjmfe9FA
124,https://t.co/wPKiJVzZxh
125,https://t.co/SzoTrYyHpl
126,https://t.co/9PMv6jrJFF
127,https://t.co/FYpX0RxYpF
128,https://t.co/8AJRc0lzHr
129,https://t.co/kojt2pG4RV
130,https://t.co/PPCb1KGymp
131,https://t.co/CCJp29CXlZ
132,https://t.co/mLrSH7u5ZU
133,https://t.co/ZYRzx9H6Gb
134,https://t.co/zNsGMdxkpu
135,https://t.co/plE7YpaBMu
136,https://t.co/YfXTsdaf55
137,https://t.co/WfMhto7Lv6
138,https://t.co/mRDRvGIS8s
139,https://t.co/4ZU9773Y0i
140,https://t.co/qky1tGvi5m
141,https://t.co/xBWGBypgzk
142,https://t.co/DIJx6MMOr7
143,https://t.co/TefryuRgbC
144,https://t.co/qXj9U38SaQ
145,https://t.co/yWNSQc1gU8
146,https://t.co/XgLlL5Y57e
147,https://t.co/bdeRFzhxYP
148,https://t.co/v9P65No5du
149,https://t.co/BQzWoofqY7
150,https://t.co/ulge4dtHq9
151,https://t.co/uT4dYlmxvc
152,https://t.co/3aDavLpogV
153,https://t.co/cxV9SJfQ94
154,https://t.co/X9ewlorP7f
155,https://t.co/FDrKrKGio3
156,https://t.co/pa7DOUgrX3
157,https://t.co/lpPHKHptbE
158,https://t.co/gB9jhNTrjn
159,https://t.co/1HlJ2TMpE5
160,https://t.co/xQvHHOjnxE
161,
162,https://t.co/BkGwCO494X
163,https://t.co/SdLd4AKgSH
164,https://t.co/oTqaNiPPkv
165,https://t.co/ZICjQ9Z8sT
166,https://t.co/ODwdVPForj
167,https://t.co/dTiF6z0fhe
168,https://t.co/YJ2nGL0N2j
169,https://t.co/oNw6dj2jmu
170,https://t.co/jVYJBi9hj4
171,https://t.co/nseg6gT2Iy
172,https://t.co/t61NJPVblz
173,https://t.co/svlnONnSYf
174,https://t.co/Uv2cUNDeL1
175,https://t.co/ZizbjYH1e4
176,https://t.co/XUpcvVJzu1
177,https://t.co/So8fZAbcsy
178,https://t.co/UWn6pK7nj9
179,https://t.co/H3TyLMLUvD
180,https://t.co/rB7Go0rusY
181,https://t.co/kRvIhlgVI4
182,https://t.co/fp7o0IJIjh
183,https://t.co/MCLZIoMhft
184,https://t.co/qV0dQDLaPZ
185,https://t.co/4Zj955tEfd
186,https://t.co/qu8PxXfK0M
187,https://t.co/CQExKzwjLH
188,https://t.co/9PiBDG74L1
189,https://t.co/Adc9gkgr50
190,https://t.co/q50VOjon89
191,https://t.co/pgmj27AAtz
192,https://t.co/YXH3cPAexG
193,https://t.co/Vaag65vHNg
194,https://t.co/PHeO6Vrzgd
195,https://t.co/rzpYroHzud
196,https://t.co/djwv616Noj
197,https://t.co/oXCbB7ywWj
198,https://t.co/bA7eLWwcLu
199,https://t.co/pZJHMeRscs
200,https://t.co/EPO0F1ICSK
201,https://t.co/AZE145lb3g
202,https://t.co/jXzTdS5QGu
203,https://t.co/UQBhNtSP2g
204,https://t.co/630wCscEPN
205,https://t.co/8k79Jf6tXQ
206,https://t.co/NmnbKslcsu
207,https://t.co/44hZRoXYMg
208,https://t.co/fLsNbM1ksO
209,https://t.co/HBE9UEOLFw
210,https://t.co/s0z1KHtp1d
211,https://t.co/MgLXimkpti
212,https://t.co/T8z17p0k4B
213,https://t.co/sOAbNFEyLv
214,https://t.co/7pcbIXtXD8
215,https://t.co/oQkLx0kfq5
216,https://t.co/jlMW5xG96q
217,https://t.co/TXsKMi6e1k
218,https://t.co/3i8WGSyErR
219,https://t.co/dPRVtgi9ok
220,https://t.co/rCdmW6xW2b
221,https://t.co/QxtRmVQMk2
222,https://t.co/v9WZzoibwA
223,https://t.co/a6k8eKtJdt
224,https://t.co/QMy2aW1qnQ
225,https://t.co/CO77i9kat1
226,https://t.co/wclDIUBnwm
227,https://t.co/CzXBB5hjD0
228,https://t.co/mEPhP2l8pB
229,https://t.co/wbGQ6tx0Qm
230,https://t.co/fahzQMiGSg
231,https://t.co/b9GN92j8Ds
232,https://t.co/TArbj5e0t4
233,https://t.co/VbRLWFuFCH
234,https://t.co/bii8V4T33G
235,https://t.co/LVGqfnKPOT
236,https://t.co/XUmBK1mNMK
237,https://t.co/7kClQ3f1TO
238,https://t.co/mTYvz1j4JI
239,https://t.co/9FrzKcRLk8
240,https://t.co/0P03GDPUig
241,https://t.co/tMXrxaf85P
242,https://t.co/AybhiltQI9
243,https://t.co/y1AQj3AZyV
244,https://t.co/mtT5XVrIwt
245,https://t.co/0FocVh8ynb
246,https://t.co/TukDJyZF3Y
247,https://t.co/CxrvRX4T30
248,https://t.co/xeI49DivvT
249,https://t.co/9JNbKKhrB3
250,https://t.co/ZGNMpUjS9z
251,https://t.co/5WAuDCNQeg
252,https://t.co/JBIAW4XLGz
253,https://t.co/w8c8efi7YJ
254,https://t.co/BFX34JiAAK
255,https://t.co/7DKCg1uKNq
256,https://t.co/gdjn2ao873
257,https://t.co/mhqMFfBcgE
258,https://t.co/D6VZrPwGLU
259,https://t.co/TXR8wuxAg0
260,https://t.co/gf2i0qgSWl
261,https://t.co/cATqKaxv64
262,https://t.co/76iHaTfWXZ
263,https://t.co/l6dXcyvvdW
264,https://t.co/jnP0aS2Vub
265,https://t.co/6M7b2K3BPI
266,https://t.co/yV7chKUFp4
267,https://t.co/JnRhwNfezn
268,https://t.co/DyeeQrBY57
269,https://t.co/IVvlFOOIUe
270,https://t.co/JvrlfkIrTP
271,https://t.co/MBRizitLSV
272,https://t.co/0WKztbtd6l
273,https://t.co/UvuxVJltUc
274,https://t.co/6ulUtMBr2u
275,https://t.co/Sd44VfJzlk
276,https://t.co/Oazwprvv4T
277,https://t.co/ylBmGYL7XG
278,https://t.co/UOJZGPuFrg
279,https://t.co/jToCXRIZ52
280,https://t.co/E0dHv9ntGi
281,https://t.co/n4fhRvgABA
282,https://t.co/xgJaC9pYxx
283,https://t.co/bmQLMhqkIW
284,https://t.co/7Q7cdB5hmP
285,https://t.co/LILBqXTvy3
286,https://t.co/YzRKPZAmaX
287,https://t.co/ViAT7kF9Sn
288,https://t.co/vJW7DwkK5c
289,https://t.co/vpfxSge2il
290,https://t.co/PG5tcqQG9x
291,https://t.co/B7mugCShRd
292,https://t.co/6184FMl61R
293,https://t.co/q6IKzG2cvJ
294,https://t.co/BzY7ql7DNX
295,https://t.co/gLJ0L5hDnD
296,https://t.co/S1yFmMT7kA
297,https://t.co/I19Phri8eI
298,https://t.co/jKvA2IuPIX
299,https://t.co/01GH8Vkkoc
300,https://t.co/MoqwdbQ9bG
301,https://t.co/RYYi75jH9e
302,https://t.co/jYl1G6WNkk
303,https://t.co/t6DdOU4LzH
304,https://t.co/bmDK24UpD2
305,https://t.co/7jQUQdiKe4
306,https://t.co/JE4OHLECBg
307,https://t.co/OKgzySckV0
308,https://t.co/Fc4wI0XPVX
309,https://t.co/2YwIEnJklT
310,https://t.co/nLaW3ZBdpd
311,https://t.co/hIICnCEtny
312,https://t.co/fmM2vYJkhZ
313,https://t.co/m0CdnjNLqE
314,https://t.co/oaJ69zsiMh
315,https://t.co/YANIueSg6C
316,https://t.co/xIrZqg5LTv
317,https://t.co/8SCNpF2Rfv
318,https://t.co/PC6cI44wFv
319,https://t.co/ADU5Z6UwLI
320,https://t.co/JLOHZJjcEN
321,https://t.co/8OpsYMrWwY
322,https://t.co/OsExTu2nD7
323,https://t.co/Zg3d1VKwi6
324,https://t.co/poMKDDLmjC
325,https://t.co/Pay5rFRpqQ
326,https://t.co/aSPvpA5f7r
327,https://t.co/ohGHhGwuD0
328,https://t.co/UPM6Nw3N3r
329,https://t.co/jU4vfIWPWP
330,https://t.co/aPXeY3Wt4U
331,https://t.co/qboxGfBxrr
332,https://t.co/RaYZ71GxLo
333,https://t.co/aD6o2S1o5Q
334,https://t.co/mQopy7ILCu
335,https://t.co/G4uVSIjkr0
336,https://t.co/MtSel6Sd75
337,https://t.co/2nNUj889yJ
338,https://t.co/wHH9lsXfN9
339,https://t.co/xVhCM26BSd
340,https://t.co/eCNEPNpLVl
341,https://t.co/NxO7K2ysar
342,https://t.co/2oe68ASIGK
343,https://t.co/tPD58nwDYB
344,https://t.co/zjcnckqC9j
345,https://t.co/Fnbe3p8A9A
346,https://t.co/E3pAGrGt7G
347,https://t.co/30tL6cnbCr
348,https://t.co/UrJxp5xnwf
349,https://t.co/Qc0gWRCuNG
350,https://t.co/y65L1kt4lc
351,https://t.co/cu710XS5LR
352,https://t.co/VHSH2mPUJ9
353,https://t.co/z5TFEt9WE0
354,https://t.co/7TH7UG9acu
355,https://t.co/OZVdUWPPJg
356,https://t.co/9T5dMYt9Vw
357,https://t.co/8Nwrn3pNR0
358,https://t.co/cAEIpEH7vO
359,https://t.co/cOkyQliHtD
360,https://t.co/VRN7sV3WNn
361,https://t.co/zbW9TlN7G1
362,https://t.co/ORKJeTSxp7
363,https://t.co/uwXzZUsS3G
364,https://t.co/ZqIiebR2js
365,https://t.co/VB4eLIJVNz
366,https://t.co/VqODgb2zRj
367,https://t.co/FFQS29uzga
368,https://t.co/CEx1FqspVq
369,https://t.co/RdQIN245nN
370,https://t.co/0mwPxVx0ZF
371,https://t.co/lmGRH2l31g
372,https://t.co/ilpW1mrQzq
373,https://t.co/ifqYcZ6QD2
374,https://t.co/GFxvubElf7
375,https://t.co/can5eB052V
376,https://t.co/rVYOeUH4rZ
377,https://t.co/gTrWNCOEwD
378,https://t.co/41rMF8VOZl
379,https://t.co/vSzps3A3jZ
380,https://t.co/8weqNbs8Cq
381,https://t.co/jj25otdtZO
382,https://t.co/Yg44V2Godp
383,https://t.co/eh4lrAAyGy
384,https://t.co/X1oPPHuAUk
385,https://t.co/JPGbdhNv24
386,https://t.co/2DP1x8Rqra
387,https://t.co/t67in37f7Q
388,https://t.co/L3v4H84eMl
389,https://t.co/xfwssdz7Gy
390,https://t.co/4ve25fMDzc
391,https://t.co/Bh9lEz95Zs
392,https://t.co/VXsfxwgH70
393,https://t.co/h7PsQnOC01
394,https://t.co/kAIqCk6M7O
395,https://t.co/sXnejdKa0c
396,https://t.co/2dFzzRsTaq
397,https://t.co/Ik9zksYbol
398,https://t.co/2Ha0q03ieu
399,https://t.co/GetshQua0Z
400,https://t.co/HtO7QoAtra
401,https://t.co/crfRlyWm8v
402,https://t.co/FuAFfI6PfF
403,https://t.co/TGxDoMsHA0
404,https://t.co/S7yWLBgOvA
405,https://t.co/lTrfY8gjJR
406,https://t.co/LDL84hn5dR
407,https://t.co/vxltPjwzjB
408,https://t.co/5Vwh41jiiM
409,https://t.co/PceOG2squO
410,https://t.co/dlZruQLEQ3
411,https://t.co/kuQRGUEOfi
412,https://t.co/pRelaYBcS6
413,https://t.co/tgisjUDbZK
414,https://t.co/d6xK4qGCLD
415,https://t.co/ShmiNfpGIH
416,https://t.co/ZROoOEWxBU
417,https://t.co/CViyNpB2If
418,https://t.co/WURVfec0fC
419,https://t.co/nzofQFM6lt
420,https://t.co/66HtSADw9t
421,https://t.co/eFZGks3rWH
422,https://t.co/WwpbPMcWC1
423,https://t.co/KEcWu7IF8D
424,https://t.co/hLymA17cUP
425,https://t.co/lHnLr05GZU
426,https://t.co/0ylc50muiH
427,https://t.co/l5hMbV2fKG
428,https://t.co/PkYjfaIxRq
429,https://t.co/a5p05SU53J
430,https://t.co/FOFikNM4fA
431,https://t.co/eLlMk07fNb
432,https://t.co/Th26zzTfHi
433,https://t.co/POdQ1054nu
434,https://t.co/RGIP1cP3Mt
435,https://t.co/cMJkjsdQX5
436,https://t.co/nbPTu1wN7i
437,https://t.co/sCDyTaWDq0
438,https://t.co/FPu2t0wYtL
439,https://t.co/vnOaVhp7Mg
440,https://t.co/VMGkJfMS3Y
441,https://t.co/UxzPNt77i3
442,https://t.co/rNDHjT82zb
443,https://t.co/y6lJ4YSVZv
444,https://t.co/xb5Vp7xrsz
445,https://t.co/1PqDZ19AR2
446,https://t.co/xeLNljpcgU
447,https://t.co/eGErIzr7yf
448,https://t.co/wEkFqncXv6
449,https://t.co/RCNE3IqUeQ
450,https://t.co/wXfvjTk4vu
451,https://t.co/5RjiNMNACl
452,https://t.co/3yH1X89FAB
453,https://t.co/pcMTJNGXwD
454,https://t.co/ZEpK127yJa
455,https://t.co/EAaTo2zuYc
456,https://t.co/fuaKaC4CyK
457,https://t.co/ijCou5MjjZ
458,https://t.co/o5gYSHh7LF
459,https://t.co/gITuX6ODMn
460,https://t.co/yvcwYu2ZgA
461,https://t.co/CJ5s5hCJoZ
462,https://t.co/jzgzjGM396
463,https://t.co/V6SwNIvoyv
464,https://t.co/T4aLaEJZRe
465,https://t.co/Zqwogv1weX
466,https://t.co/TGIZy4zEGi
467,https://t.co/rRujujkgDB
468,https://t.co/SwpHFtx9Bj
469,https://t.co/uZX0bW5Tp4
470,https://t.co/fqcSzZzcm6
471,https://t.co/Wo1Erit08i
472,https://t.co/DeM6RXkDuC
473,https://t.co/T66oBR6YI9
474,https://t.co/Bf8R4vVO0i
475,https://t.co/aWo8cyLmfq
476,https://t.co/4UIoScOTRU
477,https://t.co/NLj3LYCX5L
478,https://t.co/et3uSn2pgW
479,https://t.co/o22axwmTio
480,https://t.co/rTjuOwbWK7
481,https://t.co/Q2Vb9WwITX
482,https://t.co/5ACNooJyXf
483,https://t.co/DtTg3AqvBq
484,https://t.co/C7yR8jwoxb
485,https://t.co/nCous8t8mM
486,https://t.co/nLCQyB5Y7b
487,https://t.co/QfmPqEe1VK
488,https://t.co/LDW3H20mDM
489,https://t.co/j1zzWtavHw
490,https://t.co/fE2Tjqjjm5
491,https://t.co/KnjrcHdK6I
492,https://t.co/kZ3IPEInMy
493,https://t.co/x4ermHVFDd
494,https://t.co/rzWwBdCLyt
495,https://t.co/72om2QZv28
496,https://t.co/vFADTag7Us
497,https://t.co/foi8Dh9Khx
498,https://t.co/2AAXNCCls6
499,https://t.co/cyblzV6ati
500,https://t.co/cVXs6yeh3m
501,https://t.co/z6miwZBk5W
502,https://t.co/WBeRFIwi3d
503,https://t.co/xFOzrAkEDF
504,https://t.co/IIz5boafsO
505,https://t.co/YvkjqZ37lk
506,https://t.co/RK1XgrEiVg
507,https://t.co/yHooXOunhQ
508,https://t.co/ATwEwskZCb
509,https://t.co/YjmYXpXo47
510,https://t.co/n9Twsa1gvn
511,https://t.co/cWMUbx9xqZ
512,https://t.co/Y9mMfWslus
513,https://t.co/LNJUO1zHh0
514,https://t.co/8qCjqSTTmc
515,https://t.co/TNu9hpqYKe
516,https://t.co/Ru5jl1odia
517,https://t.co/839YDR07Xc
518,https://t.co/HcQ6NEtiUf
519,https://t.co/j7Nvx8lhvc
520,https://t.co/Yohetm2x4w
521,https://t.co/SDXwsTJw5Y
522,https://t.co/NyJ0FlCXRn
523,https://t.co/Z4I4jg7tZM
524,https://t.co/xBFlr4CiBb
525,https://t.co/NL1LO0CEhi
526,https://t.co/oZjdua6rpS
527,https://t.co/gp6Ffch3To
528,https://t.co/XytZiOl47D
529,https://t.co/XByXRNUUhw
530,https://t.co/2Jf1MiMf7N
531,https://t.co/ZMwqgXFqNF
532,https://t.co/MFMHLOxZ0f
533,https://t.co/BQAYNRbCuM
534,https://t.co/AIjzyw2qm4
535,https://t.co/ce5z4XCBmj
536,https://t.co/AmwZe6mvDk
537,https://t.co/10wSYICmLz
538,https://t.co/rCYe4wdo18
539,https://t.co/LeH2dxeVP8
540,https://t.co/8rh7Jpi30F
541,https://t.co/6IScLVJsyG
542,https://t.co/ObgvGJwweN
543,https://t.co/3MyaDWsYAj
544,https://t.co/82a6enoSSW
545,https://t.co/BP9AufQlra
546,https://t.co/RfoyyygnlL
547,https://t.co/OGQxr3OneB
548,https://t.co/3XFjCmVJYS
549,https://t.co/P6WuH8tLYz
550,https://t.co/GyqXObsKTP
551,https://t.co/dPrTeK3DNZ
552,https://t.co/5FBweuv4Mt
553,https://t.co/IgxOQnf9hV
554,https://t.co/GcyH1O5tXw
555,https://t.co/ycmOj1P7DW
556,https://t.co/CXQbK1NNHw
557,https://t.co/LKAsobAxw9
558,https://t.co/YLRGSAUJyG
559,https://t.co/PSuFrYX2im
560,https://t.co/x79GQ5dHMJ
561,https://t.co/NX6QDLIlRE
562,https://t.co/NDhOM09PNo
563,https://t.co/K5hfNYlUtG
564,https://t.co/anvustZLhr
565,https://t.co/HDWMWaBTRY
566,https://t.co/r8zA0rMTJc
567,https://t.co/ACGlVz5LCj
568,https://t.co/DfJAq18Abi
569,https://t.co/rQKaCBNwqB
570,https://t.co/sAc7pH7Wlz
571,https://t.co/fweqdqR5Cv
572,https://t.co/0OqLqtBqHW
573,https://t.co/qTcxTFkapR
574,https://t.co/BHcvjKGmBH
575,https://t.co/9awKRpvLm3
576,https://t.co/u7hAMyz4A2
577,https://t.co/3xY1Ziy46i
578,https://t.co/1WAuhg8PvD
579,https://t.co/bQcuqo8kSU
580,https://t.co/w0bDpxC30n
581,https://t.co/EAnHA9i5UY
582,https://t.co/Uzz6b8Pdrp
583,https://t.co/tqQVQm4W8Z
584,https://t.co/fd9Kf0jMDk
585,https://t.co/zQnpkV0IXT
586,https://t.co/GWDSdmNBZH
587,https://t.co/rdKxNk6CLR
588,https://t.co/g18eqAP4LW
589,https://t.co/OyShwjVkkK
590,https://t.co/NggbOadm0A
591,https://t.co/B8zU9gz2ej
592,https://t.co/J7pLe5OfgJ
593,https://t.co/MFwfihexBf
594,https://t.co/ROOcV2muGs
595,https://t.co/nmFFatSqIp
596,https://t.co/efUay02SWg
597,https://t.co/GDtIYPd1SB
598,https://t.co/CjPEUU1V1R
599,https://t.co/3t1JyaUKXS
600,https://t.co/mv7aQTDbaV
601,https://t.co/XsiKat4SWs
602,https://t.co/fqgUYQQt4m
603,https://t.co/2pS7cKsY2w
604,https://t.co/2oPHqgttbZ
605,https://t.co/KIqVZaQDiO
606,https://t.co/bcIEohSQik
607,https://t.co/p2QKh6v37z
608,https://t.co/IGHWAqIGo2
609,https://t.co/1uK0frnPLE
610,https://t.co/rFkyBkVY5t
611,https://t.co/QssnBFk1vs
612,https://t.co/FEQ4y8mvAK
613,https://t.co/kpGNvJiWDa
614,https://t.co/FBN5yyTVq7
615,https://t.co/AqOoYLB5fm
616,https://t.co/l4rygHEF1W
617,https://t.co/SydhF20gGV
618,https://t.co/dyvqTLOfwJ
619,https://t.co/zongKOAONb
620,https://t.co/ZyUmOw1QAK
621,https://t.co/2VptRtrFAP
622,https://t.co/ZV40Iyu5s0
623,https://t.co/XKk8B7vAXO
624,https://t.co/y3ecyyeY80
625,https://t.co/Rl8LVGImpT
626,https://t.co/4WOadiWwFQ
627,https://t.co/f69H7Qg3yt
628,https://t.co/jjmhB8txXB
629,https://t.co/uMtrTo9Omc
630,https://t.co/9GEFADz6Gw
631,https://t.co/QeG8oeaG8D
632,https://t.co/yprDMMmRcl
633,https://t.co/5ag9qXy8rI
634,https://t.co/67ZW4wkvc3
635,https://t.co/da1kau6AdL
636,https://t.co/qFzcoOG0cO
637,https://t.co/DO2Dy7pNb3
638,https://t.co/RUNiMsN5TC
639,https://t.co/JUkZQXT05V
640,https://t.co/QRnlf7OqpI
641,https://t.co/BTRl19vn2k
642,https://t.co/AghM8lfdA2
643,https://t.co/qzeQCQTY84
644,https://t.co/xR8lz7e4To
645,https://t.co/3IlChLbDd0
646,https://t.co/sHBq2AvtOh
647,https://t.co/mt4Zxq1Wlv
648,https://t.co/SyRAZqOReg
649,https://t.co/nq7VmIUrKd
650,https://t.co/6xDGrAkxo3
651,https://t.co/TyCdpF1bXs
652,https://t.co/EXDxlye3ih
653,https://t.co/mbeZD0cjRi
654,https://t.co/cZPLu1Xlun
655,https://t.co/lANwk3Hk89
656,https://t.co/2vLrHqoK0w
657,https://t.co/Y5fNJvltPc
658,https://t.co/728MnHPeQK
659,https://t.co/6OcSmKdouA
660,https://t.co/LZutrQgWgq
661,https://t.co/nh5b6GKV5A
662,https://t.co/yKtOQDKCwu
663,https://t.co/Y9xdd6KCcJ
664,https://t.co/gKBHUM4xu9
665,https://t.co/0jT4OALBPn
666,https://t.co/jJqXmn7Mvz
667,https://t.co/pk6MUGwCfm
668,https://t.co/t5MKvi9Wq0
669,https://t.co/1I7rXZFb5M
670,https://t.co/jPFgwGSN6j
671,https://t.co/XAdgus06XU
672,https://t.co/ikSQpbkfrt
673,https://t.co/O0buRI5YeX
674,https://t.co/x7UF30Jklv
675,https://t.co/Wx8jhdA1cD
676,https://t.co/uBvt8AEC3g
677,https://t.co/KL1ZPjcpKF
678,https://t.co/VPYYFcI9iS
679,https://t.co/8WTDhdnnl9
680,https://t.co/unz19LM6Rv
681,https://t.co/sbmWi0qpmn
682,https://t.co/YHtG424JX1
683,https://t.co/9L2cIeepH8
684,https://t.co/paEbOg0hMb
685,https://t.co/4QhKdvB8qt
686,https://t.co/hxeyby8aNm
687,https://t.co/Qw2i8SLqS0
688,https://t.co/WMaKpzMkum
689,https://t.co/NtcHwAvhhN
690,https://t.co/8CwFjCUhVz
691,https://t.co/90QrXDSM9E
692,https://t.co/7sZ0QMu3o7
693,https://t.co/kbvXswtKWH
694,https://t.co/TOJhwOHty3
695,https://t.co/XzepHr466q
696,https://t.co/QWlDKuNgZ2
697,https://t.co/s8V2Xgo7iS
698,https://t.co/cOXq4ZXwzJ
699,https://t.co/ABNwJrJQKU
700,https://t.co/uF8tAAzEzG
701,https://t.co/qQOlnr2Ymy
702,https://t.co/3PHcSeCNco
703,https://t.co/24YZ3HWKBs
704,https://t.co/nqq6b41PEe
705,https://t.co/TaaVGIIDdN
706,https://t.co/WG7dcMWIym
707,https://t.co/oKu6R4iagE
708,https://t.co/XKaRiKuc38
709,https://t.co/95H6u564Hi
710,https://t.co/5RDsnf8H6J
711,https://t.co/HwsdnMs0Wz
712,https://t.co/9klcDQ35nH
713,https://t.co/9KwRPBJ0nB
714,https://t.co/ww74vAeTpj
715,https://t.co/mhY35C6EMe
716,https://t.co/IAYHrGcvJi
717,https://t.co/qsM7M9WuEV
718,https://t.co/UswF000xxM
719,https://t.co/mt4o4EOv7b
720,https://t.co/0PdBbUHKV1
721,https://t.co/vMoGYtQz9H
722,https://t.co/Ms8ByFT999
723,https://t.co/vfTxul1a1S
724,https://t.co/fLdfp31NNB
725,https://t.co/u3OWvpXh08
726,https://t.co/F3U0qAlsyZ
727,https://t.co/eZY9zInJ0w
728,https://t.co/uWBDZObDSF
729,https://t.co/OFnfV2m6wb
730,https://t.co/04bhbVOO2t
731,https://t.co/N6ewa7V23P
732,https://t.co/6UdHFlG9zC
733,https://t.co/hzGc1sGbYQ
734,https://t.co/Z1WaC3t970
735,https://t.co/hl144AqrRp
736,https://t.co/FoPmzIfYAs
737,https://t.co/tyEP162mGW
738,https://t.co/g3JUxKW1NT
739,https://t.co/pRVJIzlad1
740,https://t.co/PPaXqqEOgL
741,https://t.co/e0iEF5NiMa
742,https://t.co/vw6DoOmURd
743,https://t.co/fnFIIKoCGX
744,https://t.co/JgUv2Iw68D
745,https://t.co/6h6vcouf1G
746,https://t.co/HLRDu12Lzv
747,https://t.co/ULdJVbCpUV
748,https://t.co/iwa3ZOZ9i7
749,https://t.co/TcOQvVi1le
750,https://t.co/ASn2K8KYix
751,https://t.co/aiqK4rp006
752,https://t.co/hfIFoNgDjc
753,https://t.co/wnOD9bYBX8
754,https://t.co/Nj4YUVRDHV
755,https://t.co/aI0xE6pCMw
756,https://t.co/5r6o4AWwMS
757,https://t.co/n5EKIkdWrh
758,https://t.co/JHi0brR463
759,https://t.co/kyKr6y3Bpo
760,https://t.co/MvbN0AOcfm
761,https://t.co/XpNc4bZlvG
762,https://t.co/JkALuplG4w
763,https://t.co/PtqiU9lSWi
764,https://t.co/FUJLxj71us
765,https://t.co/WmHwIgtieo
766,https://t.co/O47QGAhdej
767,https://t.co/nIZdQvWVhM
768,https://t.co/ZQSxKaPi0e
769,https://t.co/VDB2E7Fquv
770,https://t.co/CqMRBBuBny
771,https://t.co/FcnepJXPEU
772,https://t.co/8WToI8vIUa
773,https://t.co/pHKUmld3NP
774,https://t.co/QoRJK4vX7Z
775,https://t.co/sZvuTZWRLx
776,https://t.co/W1mOaBgvPA
777,https://t.co/4XrkOuAUiG
778,https://t.co/GSphjhdilo
779,https://t.co/0G5pMkky4N
780,https://t.co/CYfuDqT4j5
781,https://t.co/4iuIziRAgo
782,https://t.co/l7W3oSIpNm
783,https://t.co/8D4tiJk1WU
784,https://t.co/iIxngoaFFE
785,https://t.co/vMBPleGOHy
786,https://t.co/X3ZFJ8CQz5
787,https://t.co/JAljyrDa9b
788,https://t.co/HFaPaRftE5
789,https://t.co/2YSuToQBhw
790,https://t.co/pwzs3mPhWL
791,https://t.co/cqrJrzbACb
792,https://t.co/EBmf5FCuvH
793,https://t.co/q6qlE0vEaq
794,https://t.co/Tg07PUAScQ
795,https://t.co/iSGmPTBmdC
796,https://t.co/ZwAffCjLVA
797,https://t.co/beVo1cnTem
798,https://t.co/2SLZ1z3ykx
799,https://t.co/GEhuiIyczV
800,https://t.co/WSKGZWeBRK
801,https://t.co/g1Tx8MSXxc
802,https://t.co/IWSsHMQluB
803,https://t.co/LP2FVQ8kEH
804,https://t.co/DMhgCELUTZ
805,https://t.co/oOaRm3N486
806,https://t.co/TFLTVoTsvn
807,https://t.co/1EZhmv1fyb
808,https://t.co/TEftq6scEo
809,https://t.co/Yq0biMwM9f
810,https://t.co/FhU4RrMcBL
811,https://t.co/t7nQ6wcU1d
812,https://t.co/0fGjwkfueh
813,https://t.co/TerGeldFjR
814,https://t.co/QKMPgpbVEp
815,https://t.co/UfTVdzrpqC
816,https://t.co/DvOvl2eamt
817,https://t.co/hhURvqJ7To
818,https://t.co/WnjjmfOtz4
819,https://t.co/97h42ZcfGw
820,https://t.co/ISvSERBec3
821,https://t.co/vGtimpslWq
822,https://t.co/Xo9HRQGkQI
823,https://t.co/CltFh0oNFg
824,https://t.co/7jZPIDwPaX
825,https://t.co/pjUWTAwSq8
826,https://t.co/MuHkP62CZr
827,https://t.co/Rh5JVgiRq6
828,https://t.co/n5IQ5CbgxQ
829,https://t.co/Zdf58IN8B1
830,https://t.co/388hCoUQaN
831,https://t.co/e2n6tfmINs
832,https://t.co/rbxJ1yS1Kn
833,https://t.co/Dxxqu0b6PZ
834,https://t.co/NXA7iHPuj9
835,https://t.co/bWFdFESYWf
836,https://t.co/qDh4HNWZNQ
837,https://t.co/4cLBMiitod
838,https://t.co/hA9GXF3kcy
839,https://t.co/ls4N4XC342
840,https://t.co/HkiRZPI6zy
841,https://t.co/uDDgSXuIvh
842,https://t.co/V8odKBpSzf
843,https://t.co/AjW9wKaw0h
844,https://t.co/ftBPyUlSJ5
845,https://t.co/a9qkMez3Ge
846,https://t.co/Wf2tPVcGFM
847,https://t.co/9BQARw5iYr
848,https://t.co/ormMmOogLJ
849,https://t.co/55FZSlasIT
850,https://t.co/38eARLjq57
851,https://t.co/CGG8MBSz5U
852,https://t.co/v1J5d8eu0z
853,https://t.co/PHGyguBPEu
854,https://t.co/9NDeFQAdx7
855,https://t.co/m32CP7240U
856,https://t.co/IBDrzUFdiD
857,https://t.co/W255AWIAKL
858,https://t.co/xUXeAVw0FQ
859,https://t.co/Vt3igQ9f9O
860,https://t.co/dgZTBVD5pK
861,https://t.co/uzWi4xOwcd
862,https://t.co/7UCzdG5khj
863,https://t.co/DfQj2wYdIA
864,https://t.co/uD7XaqOJX1
865,https://t.co/MbE5qO7jlk
866,https://t.co/qsJoqZJ2cQ
867,https://t.co/EGbxitA43Z
868,https://t.co/uuBjTEGFh6
869,https://t.co/CCG9yb5zwq
870,https://t.co/6WN0opErT4
871,https://t.co/NbK2PO6UWw
872,https://t.co/iqjufLI3Sb
873,https://t.co/86IfePTm9E
874,https://t.co/LjSuiGYTX9
875,https://t.co/syFzMURaP7
876,https://t.co/d80F3QHug6
877,https://t.co/D4wKYG0SvD
878,https://t.co/lZTfUsUhfN
879,https://t.co/18OWsRsQF0
880,https://t.co/lMqGtgBaLP
881,https://t.co/NnplJGaouW
882,https://t.co/q8PV2ujFfk
883,https://t.co/e6woHfRDVz
884,https://t.co/yMDbIwqrEr
885,https://t.co/uol1cENfYh
886,https://t.co/5uq736Gr0s
887,https://t.co/6Er1Qj9pHX
888,https://t.co/AKhjKQhOdm
889,https://t.co/27Ri5ybsUa
890,https://t.co/4VJ0nBcqQB
891,https://t.co/SyfaN9YHRV
892,https://t.co/kJeSCnmU8k
893,https://t.co/P1V40OU6f6
894,https://t.co/ec3yK19ymn
895,https://t.co/nauLwXAv2Z
896,https://t.co/LXeaR1ot7N
897,https://t.co/KgJcGCVmdN
898,https://t.co/qCU6c5M2Ll
899,https://t.co/k5naK57tpP
900,https://t.co/SVjlCs5P91
901,https://t.co/6gy0VhkIiw
902,https://t.co/qC80MCDW1i
903,https://t.co/e4rPPUIINE
904,https://t.co/q1r6Mn8Ah5
905,https://t.co/NXZDMd07UI
906,https://t.co/EReF1qw9yE
907,https://t.co/UNxlk56w1X
908,https://t.co/TROqJLe8st
909,https://t.co/HfnRz9OOpi
910,https://t.co/kF5myhWqO3
911,https://t.co/Avcsl9zrwa
912,https://t.co/6qDM2SslIh
913,https://t.co/Mt4jAwvw4D
914,https://t.co/uM00eiU2Xn
915,https://t.co/E7cJ7YDyG7
916,https://t.co/4iCB8HfzEg
917,https://t.co/h9ARHvqthn
918,https://t.co/5dH7FSuU5a
919,https://t.co/PekcqFLKzb
920,https://t.co/MewpUME5zq
921,https://t.co/uDlhGGqUTP
922,https://t.co/eguTHXQle0
923,https://t.co/YCzn2oRqIG
924,https://t.co/hBe2MmsvBH
925,https://t.co/JtZnYj7JWl
926,https://t.co/3ss4DY9ian
927,https://t.co/x7FTdfet1f
928,https://t.co/4QPCkXPNdk
929,https://t.co/JLorIge7k5
930,https://t.co/3NcNQ8ClkU
931,https://t.co/vEZuduE5r9
932,https://t.co/lckp606vgF
933,https://t.co/rzFDLp14OZ
934,https://t.co/wJVWdhVSqX
935,https://t.co/xVjnP0kOgA
936,https://t.co/zQYdDZTrxW
937,https://t.co/my8cMe76Cj
938,https://t.co/pGapOR6ZSC
939,https://t.co/atixUfYyBT
940,https://t.co/OE40hSnSA6
941,https://t.co/8khJ2DVumB
942,https://t.co/bc3EjbVFTB
943,https://t.co/qQApcG8JAA
944,https://t.co/ne36kS9aoQ
945,https://t.co/UWKXeGi2C9
946,https://t.co/4TENdIeV1g
947,https://t.co/QMzBuQdLmg
948,https://t.co/sHLfC5BmG7
949,https://t.co/esS6gtl14Q
950,https://t.co/hRIiQSyKrZ
951,https://t.co/1RaYvcR2Y2
952,https://t.co/7DcLP2cMUo
953,https://t.co/ZuMIrzBXvK
954,https://t.co/jG8NhTHKvb
955,https://t.co/t7Cy2zdRKu
956,https://t.co/fJ0lz1HKw7
957,https://t.co/fnARgqSPXe
958,https://t.co/Gmg6J7GPv0
959,https://t.co/EoGgJwnDax
960,https://t.co/pJ5JzatEOh
961,https://t.co/YtCUt9UgHL
962,https://t.co/fbVuJb7FDu
963,https://t.co/mmtdyptQmX
964,https://t.co/MLNeM0G35C
965,https://t.co/epkbynz6bL
966,https://t.co/acIXIYRLNy
967,https://t.co/wLgOmJbEzL
968,https://t.co/30aIXWlMvV
969,https://t.co/Pr0qZMDwMC
970,https://t.co/2CnWGZSSrH
971,https://t.co/O7ua3vK1fx
972,https://t.co/fLEpzO8XhC
973,https://t.co/EZ1oFL0IZJ
974,https://t.co/2HRpqO77s6
975,https://t.co/k8lzkRwx1b
976,https://t.co/A4C3eZzEBE
977,https://t.co/H960nHbdZp
978,https://t.co/WuFfPou9So
979,https://t.co/v1SjcAlmtc
980,https://t.co/weEVGAdYZA
981,https://t.co/fkDagOlENO
982,https://t.co/iDvjgvV4zq
983,https://t.co/zUtA0tlKyS
984,https://t.co/CLnqeOMz73
985,https://t.co/JHdm748dBy
986,https://t.co/minfRcEbOH
987,https://t.co/JbyI8OpVY9
988,https://t.co/s9shiEsPkz
989,https://t.co/NxFx9S8Olc
990,https://t.co/CsSkBFhZNz
991,https://t.co/8pFHQb9rgc
992,https://t.co/pgWa3mpHmW
993,https://t.co/zqYHRVvr9X
994,https://t.co/i5tr5Pm1tg
995,https://t.co/HJYhRxNeku
996,https://t.co/2lPP2Z1C42
997,https://t.co/nNpQxcbQkN
998,https://t.co/c74b12E2ig
999,https://t.co/3nBcPv4ZdU
1000,https://t.co/1FmBOuA2jH
1001,https://t.co/0peIPl9MWH
1002,https://t.co/TqgTsBH7Qn
1003,https://t.co/0XCRghlVhp
1004,https://t.co/6ZehUueAto
1005,https://t.co/VIGmVghxXa
1006,https://t.co/V7zDq6zbxR
1007,https://t.co/93nJt5FSCS
1008,https://t.co/oShR2ejx8E
1009,https://t.co/ggMLvkDlLk
1010,https://t.co/AXwdH3gbK6
1011,https://t.co/lTo1SWo92n
1012,https://t.co/oHc3UcrAsZ
1013,https://t.co/tjw0Sb56A1
1014,https://t.co/EWZZHJjPCe
1015,https://t.co/cETiKBtU7M
1016,https://t.co/adPMG9u3H2
1017,https://t.co/lowp2gbRpg
1018,https://t.co/5zbz6Hlkkv
1019,https://t.co/khDg3NnXGv
1020,https://t.co/9Rru6HrQNU
1021,https://t.co/F18vLhbg7c
1022,https://t.co/IrgxZjpDIx
1023,https://t.co/m9es3VY4ik
1024,https://t.co/MfRQH05yCv
1025,https://t.co/4VE5S2kGNC
1026,https://t.co/zdoiZxKysY
1027,https://t.co/0cWJFbjjnd
1028,https://t.co/ypmkXTk0Kt
1029,https://t.co/n28hg8nJKs
1030,https://t.co/BzacNKCmaR
1031,https://t.co/tYOIdH3Uca
1032,https://t.co/jrRapr8udQ
1033,https://t.co/cSPxPcocYw
1034,https://t.co/oyqn18lkUt
1035,https://t.co/Kh8A4eZTSK
1036,https://t.co/sLe6GvNdIs
1037,https://t.co/igNEOcERjj
1038,https://t.co/iLZdGRzUyB
1039,https://t.co/g48LOPuJD6
1040,https://t.co/tVHvDRh90L
1041,https://t.co/4MBO7CQERY
1042,https://t.co/bbl92SDNEo
1043,https://t.co/YdKhY4a6eQ
1044,https://t.co/gY3gofsDed
1045,https://t.co/Rpt28hOJfY
1046,https://t.co/C9FuligM79
1047,https://t.co/cnIjZd0mFq
1048,https://t.co/QAYCHYC8P2
1049,https://t.co/eicomkWH4i
1050,https://t.co/R3zXzjARXe
1051,https://t.co/0xihxcjQut
1052,https://t.co/BL26qUAwlx
1053,https://t.co/lF9FQ0qFIy
1054,https://t.co/39neXhBzcy
1055,https://t.co/oMilVqAcx8
1056,https://t.co/dE5JZL3Mb5
1057,https://t.co/uEosnNF1fD
1058,https://t.co/JkQv1ICUQB
1059,https://t.co/vIhsoAYxF4
1060,https://t.co/iZqI8bCOCL
1061,https://t.co/0MqnXhpTmp
1062,https://t.co/nBEeikgE7Z
1063,https://t.co/DBR739SJWT
1064,https://t.co/v034J0tePI
1065,https://t.co/LxWVXklNZT
1066,https://t.co/ue9gRn7qLw
1067,https://t.co/U7YDWggBm0
1068,https://t.co/GMeAZqfxi3
1069,https://t.co/VWUhkYzdDh
1070,https://t.co/ZE0Ww8g7h1
1071,https://t.co/Ui6wtuTGDb
1072,https://t.co/N7QvhXQVJj
1073,https://t.co/i9s0KlNKAs
1074,https://t.co/TrboYNnuZc
1075,https://t.co/STaYw01RuN
1076,https://t.co/6Fbisk7vUe
1077,https://t.co/7ACZGMDKUb
1078,https://t.co/ChRRfT0SNN
1079,https://t.co/1HOEnWRrSA
1080,https://t.co/ghuGd9NMpQ
1081,https://t.co/J7TMkauuht
1082,https://t.co/0rRSLgXmb8
1083,https://t.co/96d7xLXXIc
1084,https://t.co/3D4lZ7JG1P
1085,https://t.co/jJ313nvc59
1086,https://t.co/8aug3zGimR
1087,https://t.co/1cPiS30adW
1088,https://t.co/snS2XXbV0v
1089,https://t.co/hCOgNeHVIE
1090,https://t.co/Q8iMsNyOXN
1091,https://t.co/oRxxqLmieR
1092,https://t.co/uLJ9avxaV5
1093,https://t.co/NLbjizJFjn
1094,https://t.co/kVvZiNvdVP
1095,https://t.co/HYRFnqE8lE
1096,https://t.co/qmIaiIKi2I
1097,https://t.co/w9nTW326wD
1098,https://t.co/JpQbPACQ4N
1099,https://t.co/U4jtMzGddZ
1100,https://t.co/ffveboyDW3
1101,https://t.co/W3Q3lIPTQx
1102,https://t.co/JcdEWn9HQS
1103,https://t.co/NL74Jb6hf1
1104,https://t.co/CP1PjW0aAG
1105,https://t.co/MhOOJHW7lD
1106,https://t.co/715ZkR0I8R
1107,https://t.co/TV8gFD3WAA
1108,https://t.co/pyi4KumqbC
1109,https://t.co/3HaYFA5vq8
1110,https://t.co/REqucmyjky
1111,https://t.co/DiKw0TPP5a
1112,https://t.co/GA9KVbqCSq
1113,https://t.co/jAOOSgJBv8
1114,https://t.co/pZR6vHJgeB
1115,https://t.co/KjbU70GoQe
1116,https://t.co/rmZDsatiA5
1117,https://t.co/54cUNnMPsD
1118,https://t.co/QbpRsIqqe6
1119,https://t.co/yeSdFqoBBu
1120,https://t.co/ru3JEHGe61
1121,https://t.co/N7t2dmrOGD
1122,https://t.co/H1GUQVeD8K
1123,https://t.co/PpsjhMwFHu
1124,https://t.co/b7iq6wyjQH
1125,https://t.co/P1umFx9cef
1126,https://t.co/dNb97fOJPh
1127,https://t.co/PqaPpbVZKS
1128,https://t.co/rW7INfz8aA
1129,https://t.co/CyyE3FByL7
1130,https://t.co/7f6DWlBXs9
1131,https://t.co/PJKVSEXUiy
1132,https://t.co/m8Q6sNv4d6
1133,https://t.co/NEcGJkdtqU
1134,https://t.co/wZji31D56a
1135,https://t.co/ngibr26yzw
1136,https://t.co/WD8s0C4har
1137,https://t.co/VGWtq1JHbc
1138,https://t.co/9uj6mE2T1f
1139,https://t.co/dhj23YK11e
1140,https://t.co/enduw5HwOf
1141,https://t.co/hx7LfS1EBf
1142,https://t.co/iJ9ux1Min6
1143,https://t.co/eLQUPPIZW7
1144,https://t.co/qQg3Dhh2pb
1145,https://t.co/zX3W8s0GCx
1146,https://t.co/ohT0yme1Sp
1147,https://t.co/5PYVm553jl
1148,https://t.co/IFdlHRwt2D
1149,https://t.co/Vl2vV9XBht
1150,https://t.co/VGGMOAg9SF
1151,https://t.co/ysqNIekGFk
1152,https://t.co/lhmPUwO8U8
1153,https://t.co/BJRNwYrHKT
1154,https://t.co/99LLO5MOPj
1155,https://t.co/21KZWjlHNO
1156,https://t.co/QizzSDtnKd
1157,https://t.co/0LSlAvqsj9
1158,https://t.co/qPsLakJH9P
1159,https://t.co/HqWYGQ55rt
1160,https://t.co/JciYbSdLDC
1161,https://t.co/X7IcIJ04tk
1162,https://t.co/1995Umg96Z
1163,https://t.co/fB8TtAyXDR
1164,https://t.co/tAJWCAHEJS
1165,https://t.co/pVtUourgZq
1166,https://t.co/V191CLrEwC
1167,https://t.co/Pa1DoB8GhN
1168,https://t.co/F9R0sgTN9z
1169,https://t.co/HZkm8UH8dk
1170,https://t.co/dGOSGJc8Ze
1171,https://t.co/2YlInoJWpy
1172,https://t.co/CmI8yGu4fB
1173,https://t.co/krAfJjDGj8
1174,https://t.co/PCyjGyZI7N
1175,https://t.co/2blIiSmsx2
1176,https://t.co/ZWr3nGTMju
1177,https://t.co/uE1o8ujpaH
1178,https://t.co/w7Iw8azZxr
1179,https://t.co/IA2k9dFjH3
1180,https://t.co/WjEoVFcrUB
1181,https://t.co/S4UrrhlR5a
1182,https://t.co/Q8wkf6IR7t
1183,https://t.co/uIst6Xvt4P
1184,https://t.co/IgWallQ3tz
1185,https://t.co/cahorA1byX
1186,https://t.co/3QZzrfliBe
1187,https://t.co/F1hzIpxpAG
1188,https://t.co/Spop5qAI27
1189,https://t.co/ojraKIUoaI
1190,https://t.co/TnBpViHlEh
1191,https://t.co/BuSdTctH3k
1192,https://t.co/Ziv4HkmoKO
1193,https://t.co/LaQlbJUUFe
1194,https://t.co/s7WnDFEbCp
1195,https://t.co/U97xRHCuXK
1196,https://t.co/bNc4UTAacX
1197,https://t.co/B9via0k94b
1198,https://t.co/orC3J1iRfi
1199,https://t.co/DL8yY1vE73
1200,https://t.co/GQXWheULO9
1201,https://t.co/Z6X38U8kyq
1202,https://t.co/baWk9LkPi9
1203,https://t.co/UC69V2zXnd
1204,https://t.co/BGoAmgZHwS
1205,https://t.co/xQQrW31n3L
1206,https://t.co/mCeujIhvgc
1207,https://t.co/cuWHcPviX9
1208,https://t.co/RdXVu10a70
1209,https://t.co/jsY7n8i3qb
1210,https://t.co/gxdJbIwcAD
1211,https://t.co/JRzjMiCfCj
1212,https://t.co/XVbZ2k9LlY
1213,https://t.co/sHQ9vHqR0m
1214,https://t.co/zA6NBQJY1Q
1215,https://t.co/kLjNDjnLiF
1216,https://t.co/sh9P4BjjMz
1217,https://t.co/FqaeDv5QdA
1218,https://t.co/oeyOtS7RAB
1219,https://t.co/nFiD4Gt9jx
1220,https://t.co/bPYceNFQ9I
1221,https://t.co/qEBXV7GpxZ
1222,https://t.co/CcNu2vhzn1
1223,https://t.co/KHdw8kWuYs
1224,https://t.co/ViR5fJpaET
1225,https://t.co/ny9uNfjE31
1226,https://t.co/YWgZouErKr
1227,https://t.co/MWSGE5N8W1
1228,https://t.co/jtvTk91xu6
1229,https://t.co/MwxOaIVWd3
1230,https://t.co/y0Y8GG8oIr
1231,https://t.co/cIyqQVvRDI
1232,https://t.co/chHoEsxqrX
1233,https://t.co/sALXs0xIwp
1234,https://t.co/6Y49Ct5rmH
1235,https://t.co/ex4bluS53u
1236,https://t.co/SQ7Zf0DPUa
1237,https://t.co/XV0GhCjuyd
1238,https://t.co/FlHCPQRXhy
1239,https://t.co/bOBe7VHDEx
1240,https://t.co/GP0ci0I1qz
1241,https://t.co/JrfCTgDfYI
1242,https://t.co/m7FM9sC0Ty
1243,https://t.co/y8WMVEdMID
1244,https://t.co/fLQF0aDPHw
1245,https://t.co/lPPZRPMYCT
1246,https://t.co/10N4y7ogJZ
1247,https://t.co/AN8d9GGDJy
1248,https://t.co/pTud6GCON4
1249,https://t.co/PLxJDZ2j8D
1250,https://t.co/vHFUS2fdYe
1251,https://t.co/JJBRB3p4BL
1252,https://t.co/N11cSs3h3C
1253,https://t.co/udF8sJSc4i
1254,https://t.co/aeUgyUt1eH
1255,https://t.co/gjbZGIaia7
1256,https://t.co/DUm4uW2nDf
1257,https://t.co/tcmMD06Gr1
1258,https://t.co/6VVUukF4Rt
1259,https://t.co/tQmL9vcfB1
1260,https://t.co/EK8VdBa8Ws
1261,https://t.co/6e4gW9zjtG
1262,https://t.co/rBSGn1rMK0
1263,https://t.co/IwkIiFqmFC
1264,https://t.co/nxL115EiHw
1265,https://t.co/cf8EIQuS2b
1266,https://t.co/fRSUBb1hCe
1267,https://t.co/Ns3PRIHSt7
1268,https://t.co/n8xR2MSDIS
1269,https://t.co/Nr0Hp4wnZJ
1270,https://t.co/h5lswVo6p9
1271,https://t.co/i6Uvb82xtf
1272,https://t.co/M95qKxElc8
1273,https://t.co/R9OXzjgjGA
1274,https://t.co/qVeULOG0dd
1275,https://t.co/cN0KdErYvb
1276,https://t.co/GrHmKjgOL4
1277,https://t.co/OSHXBKkma5
1278,https://t.co/E9fxEbUT08
1279,https://t.co/H4aVOSdGVT
1280,https://t.co/TbdoyByvnN
1281,https://t.co/3sWVxD4G15
1282,https://t.co/3nHNdJOxZg
1283,https://t.co/4n1rq55aDL
1284,https://t.co/tuLQluLTzw
1285,https://t.co/qxusmpyLH7
1286,https://t.co/9ic6IAIuJV
1287,https://t.co/nRspkVkdrr
1288,https://t.co/ZKKA3f0dY0
1289,https://t.co/dBTNQIZtkW
1290,https://t.co/LDzb9EGK0p
1291,https://t.co/tJNgFLooYC
1292,https://t.co/MXzhe8ZpPL
1293,https://t.co/HISWvLKuXp
1294,https://t.co/CSksZFMVCy
1295,https://t.co/MKXTiZSESK
1296,https://t.co/l1OvseyTKM
1297,https://t.co/AmeKyGpae3
1298,https://t.co/SVPoc9eos0
1299,https://t.co/4vxdP7mu3T
1300,https://t.co/C44yI4hEyi
1301,https://t.co/jI8wbalPeB
1302,https://t.co/oow4QIu1rB
1303,https://t.co/L5nI8WRT7y
1304,https://t.co/ZyUy28oGtv
1305,https://t.co/wacQ0OHhFH
1306,https://t.co/aNMJjg4EqS
1307,https://t.co/KfK4Wm9hei
1308,https://t.co/CTmlt1Y6kS
1309,https://t.co/RKpNibZjXG
1310,https://t.co/Q6XiQ9yOSj
1311,https://t.co/AMJ9hvEs9a
1312,https://t.co/mOMowtMjyC
1313,https://t.co/fnEmJ3sq6x
1314,https://t.co/PUPqrP2Poe
1315,https://t.co/5C8s3yrUtG
1316,https://t.co/f9v6Qq0j1t
1317,https://t.co/bD6SYPwIZu
1318,https://t.co/EWOHOJFEuv
1319,https://t.co/p22buuFkBX
1320,https://t.co/diCp9U2kNl
1321,https://t.co/idJFNHKHOc
1322,https://t.co/ce4rPTO0JW
1323,https://t.co/Won3Pm4w3A
1324,https://t.co/hR8wexnybk
1325,https://t.co/KOwDpnT5tB
1326,https://t.co/Y2ObFJlGgl
1327,https://t.co/KxMrvqsXSc
1328,https://t.co/SUB2n8Gx4G
1329,https://t.co/GPuMUcj5aV
1330,https://t.co/xQntTNeGPU
1331,https://t.co/bHzEBDdf4j
1332,https://t.co/ujXGolvFmr
1333,https://t.co/hfokDBd9It
1334,https://t.co/vYo8nbTJFl
1335,https://t.co/I4wc0itGF2
1336,https://t.co/s5MfVWkJoK
1337,https://t.co/ONgI4xmzoP
1338,https://t.co/gttVNdm9NK
1339,https://t.co/EIsIimPi4H
1340,https://t.co/IYlwI3R2w2
1341,https://t.co/VQitZEAudQ
1342,https://t.co/EzML7o3hKp
1343,https://t.co/1zgypaIHhe
1344,https://t.co/pvh2QFWj9w
1345,https://t.co/ENOlJWsqOW
1346,https://t.co/5LID5ldvDw
1347,https://t.co/5LzesTUfUr
1348,https://t.co/C31ckzbaTt
1349,https://t.co/Xpb17FXSDh
1350,https://t.co/gPiRnLB1sh
1351,https://t.co/YczDNkbIfJ
1352,https://t.co/dlf3SKMWYY
1353,https://t.co/kbomPOnaqj
1354,https://t.co/741aoXyBIB
1355,https://t.co/MipOc4BWxQ
1356,https://t.co/tUnNcM9eFk
1357,https://t.co/sCkx8IiPeO
1358,https://t.co/ZvN8cOjtg5
1359,https://t.co/qCUopaH96u
1360,https://t.co/PyTyvdV2XU
1361,https://t.co/ZTJiX78uRM
1362,https://t.co/n4PTGCMIO8
1363,https://t.co/J1C42Fkpc3
1364,https://t.co/wxS94cUX2S
1365,https://t.co/c9uJ0syBrT
1366,https://t.co/wGvbhkN2hC
1367,https://t.co/c3cftSH3Kj
1368,https://t.co/jyaxkuNJ75
1369,https://t.co/0dFrRaE44c
1370,https://t.co/QdStO8gYtB
1371,https://t.co/fptPU0YXhO
1372,https://t.co/A5igSX30zl
1373,https://t.co/iQLpoS1JAr
1374,https://t.co/HkzDeMvQXC
1375,https://t.co/nEsRfYF3z9
1376,https://t.co/7fwGXaSOPM
1377,https://t.co/2rSUFDyGYi
1378,https://t.co/HyD8rdqXq9
1379,https://t.co/rLhLg04qxB
1380,https://t.co/wrudQifcf8
1381,https://t.co/6NWSDoGE80
1382,https://t.co/OMqopHqIkI
1383,https://t.co/UW7qLaL0uC
1384,https://t.co/rY17Dqgk9n
1385,https://t.co/wCgQTceSHU
1386,https://t.co/kyXCqjhh4W
1387,https://t.co/lWPpGjEvV0
1388,https://t.co/c8spVy8hpw
1389,https://t.co/F1lF2fNcth
1390,https://t.co/CpxIqAip4A
1391,https://t.co/IyLBDvdzy7
1392,https://t.co/moZVbWW4FW
1393,https://t.co/zUrK6iaUFu
1394,https://t.co/N4XmDEz8rZ
1395,https://t.co/f24ifFQK2s
1396,https://t.co/xBExnYgFyt
1397,https://t.co/V2mokDqv6N
1398,https://t.co/3DA0TcxAPR
1399,https://t.co/1R8O2LlXFR
1400,https://t.co/2mhmPwHy7O
1401,https://t.co/QlpKHq0Zil
1402,https://t.co/zklh16MIH0
1403,https://t.co/a0aFilkmgR
1404,https://t.co/ovWsc20pso
1405,https://t.co/x0uKmBRWeH
1406,https://t.co/TmOd5Ox0GI
1407,https://t.co/jZOyQIsIbp
1408,https://t.co/RUgkn48173
1409,https://t.co/xIxyD2wMeT
1410,https://t.co/LI7rwzm4Gh
1411,https://t.co/sUqM67iFsJ
1412,https://t.co/c0jjNE7MRA
1413,https://t.co/pXrM5nSgIK
1414,https://t.co/zlhZNLcxhL
1415,https://t.co/aDk8E80GHa
1416,https://t.co/7TMhahDj4M
1417,https://t.co/am3i9r2Rcd
1418,https://t.co/9ihRLGGjxm
1419,https://t.co/yFgxqeBzBg
1420,https://t.co/2qBPsTHIgQ
1421,https://t.co/UqlupAJxiy
1422,https://t.co/hTWnuWfqH3
1423,https://t.co/4HbWhGbLk9
1424,https://t.co/EQu7nIdUhr
